{"loss": [6.813786029815674, 5.676541328430176, 5.094881534576416, 4.697535037994385, 4.207456111907959, 3.8085763454437256, 3.5980162620544434, 3.4691946506500244, 3.383352518081665, 3.3223116397857666, 3.271991014480591, 3.2352588176727295, 3.196054458618164, 3.1552975177764893, 3.09494686126709, 3.101901054382324, 3.0734238624572754, 3.071551561355591, 3.075348138809204, 3.0580475330352783, 3.0566508769989014, 3.05662202835083, 3.062432050704956, 3.064542770385742, 3.052212953567505, 3.0349085330963135, 3.023477554321289, 3.0141656398773193, 3.0027198791503906, 2.99883770942688, 2.9577929973602295, 2.943794012069702, 2.952833652496338, 2.950406789779663, 2.9592275619506836, 2.9585700035095215, 2.9543752670288086, 2.961134672164917, 2.9677345752716064, 2.978184461593628, 2.976536512374878, 2.9684414863586426, 2.9525418281555176, 2.9556896686553955, 2.944434881210327, 2.9471278190612793, 2.91145920753479, 2.8816704750061035, 2.9110569953918457, 2.8987245559692383, 2.9117751121520996, 2.9183433055877686, 2.9065494537353516, 2.915238857269287, 2.9251255989074707, 2.9373488426208496, 2.940054416656494, 2.933969259262085, 2.919312000274658, 2.9189345836639404, 2.9144339561462402, 2.9108104705810547, 2.9028308391571045, 2.8537497520446777, 2.877959728240967, 2.8716397285461426, 2.8869810104370117, 2.888190507888794, 2.881098985671997, 2.8927688598632812, 2.890275478363037, 2.9086098670959473, 2.9150147438049316, 2.912032127380371, 2.898481607437134, 2.897754192352295, 2.896317958831787, 2.8875389099121094, 2.8806629180908203, 2.8423421382904053, 2.860856056213379, 2.85613751411438, 2.8588624000549316, 2.868845224380493, 2.8680083751678467, 2.867631673812866, 2.8749170303344727, 2.8907880783081055, 2.8984148502349854, 2.8987557888031006, 2.8818519115448, 2.879333972930908, 2.877694606781006, 2.8761508464813232, 2.8814690113067627, 2.8417744636535645, 2.8275182247161865, 2.843334197998047, 2.846205472946167, 2.855693817138672], "masked_accuracy": [0.11380451917648315, 0.17597919702529907, 0.2128443419933319, 0.25218141078948975, 0.3254263401031494, 0.387119323015213, 0.4166177809238434, 0.4337550699710846, 0.4454266428947449, 0.45322081446647644, 0.46100351214408875, 0.4656202793121338, 0.4703376293182373, 0.4671706557273865, 0.4672015905380249, 0.46985986828804016, 0.47460636496543884, 0.4761398732662201, 0.4777432680130005, 0.4813148081302643, 0.4828137457370758, 0.483519047498703, 0.48397839069366455, 0.484357625246048, 0.4868035614490509, 0.4900164008140564, 0.4918197989463806, 0.4938904047012329, 0.4959694445133209, 0.4889683127403259, 0.48553112149238586, 0.4884929955005646, 0.4885749816894531, 0.4906103312969208, 0.49207454919815063, 0.49327701330184937, 0.49471724033355713, 0.4945061206817627, 0.4955398142337799, 0.49467527866363525, 0.49619463086128235, 0.4979872703552246, 0.500850260257721, 0.5011574625968933, 0.5031028389930725, 0.49822813272476196, 0.49477097392082214, 0.4938436448574066, 0.4932546615600586, 0.4969841241836548, 0.49644574522972107, 0.49793875217437744, 0.500824511051178, 0.49995192885398865, 0.5005114674568176, 0.4995862543582916, 0.5005536675453186, 0.5019091963768005, 0.5046898126602173, 0.505346953868866, 0.5069630742073059, 0.5058664679527283, 0.49685579538345337, 0.49724438786506653, 0.49677518010139465, 0.5000091791152954, 0.4990167021751404, 0.5012649297714233, 0.5037359595298767, 0.5024338960647583, 0.5050169229507446, 0.5036214590072632, 0.5032987594604492, 0.504679799079895, 0.5071612000465393, 0.5081395506858826, 0.5087574124336243, 0.5100711584091187, 0.5022698640823364, 0.49884045124053955, 0.4999699294567108, 0.5012685656547546, 0.5022754073143005, 0.5028324723243713, 0.5045970678329468, 0.5059755444526672, 0.5061091184616089, 0.5048977136611938, 0.5050517320632935, 0.5058311223983765, 0.5090054273605347, 0.5099062323570251, 0.5109497308731079, 0.511646568775177, 0.5047359466552734, 0.5019547939300537, 0.501585841178894, 0.5022630095481873, 0.5031523108482361, 0.5038753747940063], "val_loss": [6.22650146484375, 5.4838128089904785, 4.9581828117370605, 4.588530540466309, 3.811288356781006, 3.4694440364837646, 3.2801613807678223, 3.1931328773498535, 3.1397087574005127, 3.107973337173462, 3.0921926498413086, 3.059478998184204, 3.0542514324188232, 3.0544183254241943, 3.085775136947632, 3.0740725994110107, 3.073542594909668, 3.045510768890381, 2.982434034347534, 2.999285936355591, 2.9892821311950684, 2.919428825378418, 2.9381258487701416, 2.930922508239746, 2.919165849685669, 2.9245100021362305, 2.9084279537200928, 2.8924856185913086, 2.9466164112091064, 2.905032157897949, 2.9294252395629883, 2.912787437438965, 2.923914909362793, 2.862534523010254, 2.869537115097046, 2.859384059906006, 2.8606653213500977, 2.8372139930725098, 2.844573974609375, 2.8230490684509277, 2.845236301422119, 2.8336784839630127, 2.8460845947265625, 2.840864658355713, 2.8751015663146973, 2.8464951515197754, 2.8729593753814697, 2.905325412750244, 2.9004430770874023, 2.9336235523223877, 2.8953299522399902, 2.9013640880584717, 2.8669495582580566, 2.8402514457702637, 2.8061776161193848, 2.833573579788208, 2.8396267890930176, 2.8188822269439697, 2.8149161338806152, 2.8295211791992188, 2.8027517795562744, 2.8409223556518555, 2.841094732284546, 2.8605763912200928, 2.8444910049438477, 2.855551242828369, 2.795194387435913, 2.7910659313201904, 2.799776315689087, 2.783334732055664, 2.8095791339874268, 2.787827491760254, 2.823637008666992, 2.8007757663726807, 2.8377230167388916, 2.818821907043457, 2.8008365631103516, 2.8151113986968994, 2.8149213790893555, 2.8092293739318848, 2.8585562705993652, 2.8588879108428955, 2.817816734313965, 2.8354198932647705, 2.8276937007904053, 2.826014757156372, 2.7947678565979004, 2.7802443504333496, 2.7881789207458496, 2.7884321212768555, 2.7755281925201416, 2.7857167720794678, 2.7646193504333496, 2.815016269683838, 2.777151107788086, 2.840531349182129, 2.8558828830718994, 2.8787009716033936, 2.8279356956481934, 2.8655388355255127], "val_masked_accuracy": [0.1428050696849823, 0.18840284645557404, 0.2277917116880417, 0.27476900815963745, 0.3891793489456177, 0.43828636407852173, 0.4631590247154236, 0.4716264009475708, 0.47741591930389404, 0.48486411571502686, 0.4877914488315582, 0.49097689986228943, 0.49461519718170166, 0.49324965476989746, 0.49195626378059387, 0.49460211396217346, 0.4911682605743408, 0.4963354468345642, 0.5007079243659973, 0.49659356474876404, 0.5044899582862854, 0.5048114657402039, 0.5059593319892883, 0.5044083595275879, 0.5061033964157104, 0.5068869590759277, 0.5084789395332336, 0.5136836767196655, 0.5033616423606873, 0.5098784565925598, 0.5037824511528015, 0.5093775391578674, 0.5033934116363525, 0.5137723088264465, 0.5131065249443054, 0.5117942690849304, 0.5127955079078674, 0.5171042084693909, 0.5154463052749634, 0.519498884677887, 0.5161482095718384, 0.5192400813102722, 0.5190519094467163, 0.5188645124435425, 0.5165097713470459, 0.5158992409706116, 0.5166907906532288, 0.5106911659240723, 0.5143327713012695, 0.5107704401016235, 0.5110843777656555, 0.5129342079162598, 0.5198743343353271, 0.5239567756652832, 0.5252693295478821, 0.5235894918441772, 0.5184199810028076, 0.5209751725196838, 0.5213612914085388, 0.5203802585601807, 0.5228673219680786, 0.5175902247428894, 0.5147578716278076, 0.5140093564987183, 0.513810396194458, 0.5145139098167419, 0.5208079218864441, 0.5217471122741699, 0.5220319032669067, 0.5211856365203857, 0.5228233337402344, 0.5257331728935242, 0.5199874639511108, 0.5234730839729309, 0.5163328051567078, 0.5211546421051025, 0.5189454555511475, 0.521061360836029, 0.5181184411048889, 0.5199899673461914, 0.5148754119873047, 0.5182898640632629, 0.5225830674171448, 0.5212804675102234, 0.5222055315971375, 0.5205253958702087, 0.5290107131004333, 0.525672972202301, 0.5273053050041199, 0.5271141529083252, 0.529120922088623, 0.5263910293579102, 0.5316657423973083, 0.5229387879371643, 0.527060866355896, 0.5206719636917114, 0.5192403197288513, 0.518525242805481, 0.5216381549835205, 0.5182781219482422]}