{"loss": [6.446216583251953, 5.179563999176025, 4.66779088973999, 4.3996782302856445, 4.293595314025879, 4.222386837005615, 4.19767951965332, 4.16918420791626, 4.150871276855469, 4.133859157562256, 4.121589660644531, 4.1082658767700195, 4.090480804443359, 3.9379284381866455, 3.788393974304199, 3.8017983436584473, 3.817105770111084, 3.839155912399292, 3.8792991638183594, 3.900810480117798, 3.929234504699707, 3.9506351947784424, 3.9666738510131836, 3.979398250579834, 3.9965415000915527, 3.989755392074585, 4.001244068145752, 3.9956579208374023, 4.006475448608398, 3.9019062519073486, 3.719698667526245, 3.7203261852264404, 3.7320938110351562, 3.763381004333496, 3.801692485809326, 3.8327341079711914, 3.860546827316284, 3.8885133266448975, 3.907676935195923, 3.9199085235595703, 3.944300651550293, 3.9536006450653076, 3.959700345993042, 3.9613378047943115, 3.96457576751709, 3.9151229858398438, 3.7390143871307373, 3.6663122177124023, 3.6979000568389893, 3.725900888442993, 3.7612147331237793, 3.7924692630767822, 3.8258414268493652, 3.8553502559661865, 3.877761125564575, 3.8934144973754883, 3.910080671310425, 3.9316415786743164, 3.9261972904205322, 3.940850019454956, 3.9521052837371826, 3.93552827835083, 3.7753992080688477, 3.6365277767181396, 3.6833760738372803, 3.6918301582336426, 3.7328274250030518, 3.7716763019561768, 3.7963507175445557, 3.8252086639404297, 3.853461742401123, 3.8783321380615234, 3.8974618911743164, 3.9109535217285156, 3.9116547107696533, 3.922025680541992, 3.9353771209716797, 3.939121961593628, 3.8006763458251953, 3.656508445739746, 3.663817882537842, 3.674551486968994, 3.707345724105835, 3.7507145404815674, 3.7823641300201416, 3.816833972930908, 3.833831787109375, 3.855226516723633, 3.8747425079345703, 3.8953611850738525, 3.911625385284424, 3.9089267253875732, 3.922433376312256, 3.930534601211548, 3.8473148345947266, 3.6808922290802, 3.643678665161133, 3.6579644680023193, 3.695403575897217, 3.725332260131836], "masked_accuracy_decoder_only": [0.1386074274778366, 0.21344061195850372, 0.2525836229324341, 0.2832774221897125, 0.2933664321899414, 0.2996920049190521, 0.3027533292770386, 0.30552008748054504, 0.30728182196617126, 0.3093360960483551, 0.3108829855918884, 0.3121286630630493, 0.31354963779449463, 0.32874277234077454, 0.34175679087638855, 0.3418358266353607, 0.3415307104587555, 0.3399389982223511, 0.3363608717918396, 0.334504634141922, 0.33226829767227173, 0.3298030197620392, 0.32811814546585083, 0.3270818293094635, 0.3255334198474884, 0.32647430896759033, 0.3252771496772766, 0.3258714973926544, 0.3246677815914154, 0.3342072665691376, 0.35201627016067505, 0.35220056772232056, 0.35232916474342346, 0.35023072361946106, 0.34648433327674866, 0.3441198468208313, 0.3413027822971344, 0.3387599587440491, 0.33695176243782043, 0.3354271650314331, 0.3330278992652893, 0.33196794986724854, 0.33131474256515503, 0.33160024881362915, 0.33138683438301086, 0.33510351181030273, 0.3521384000778198, 0.35900625586509705, 0.3575735092163086, 0.35552743077278137, 0.35196197032928467, 0.34995514154434204, 0.34646424651145935, 0.3436123728752136, 0.34087663888931274, 0.3403920531272888, 0.33770501613616943, 0.3356565237045288, 0.3368456959724426, 0.3347500264644623, 0.33372798562049866, 0.33477944135665894, 0.35000112652778625, 0.36225390434265137, 0.35965389013290405, 0.3592095375061035, 0.35596388578414917, 0.35254818201065063, 0.35014232993125916, 0.34742844104766846, 0.34481081366539, 0.34183770418167114, 0.3406107723712921, 0.3387240171432495, 0.33884933590888977, 0.3377915620803833, 0.33645716309547424, 0.3355957269668579, 0.3484801650047302, 0.36102983355522156, 0.3618372976779938, 0.36183762550354004, 0.3594077527523041, 0.35529816150665283, 0.3520994484424591, 0.3487028181552887, 0.3471345901489258, 0.3450566530227661, 0.34306395053863525, 0.34036165475845337, 0.3392012119293213, 0.33995217084884644, 0.3381982147693634, 0.3369351029396057, 0.3442443013191223, 0.36022111773490906, 0.3636226952075958, 0.3633629083633423, 0.3605325222015381, 0.35854867100715637], "val_loss": [5.708327770233154, 4.95963716506958, 4.594980239868164, 4.342646598815918, 4.192540168762207, 4.147609233856201, 4.08096170425415, 4.04202127456665, 4.005287170410156, 3.999948740005493, 4.0204033851623535, 4.0020527839660645, 4.008021354675293, 4.035120010375977, 4.074718475341797, 4.018918037414551, 4.047537326812744, 4.054065704345703, 4.032798767089844, 3.9144985675811768, 3.8556978702545166, 3.86552095413208, 3.8742012977600098, 3.852199077606201, 3.8104636669158936, 3.820727586746216, 3.844149589538574, 3.8388967514038086, 3.8558926582336426, 3.8506476879119873, 3.7789690494537354, 3.8550374507904053, 3.7770705223083496, 3.7907936573028564, 3.7804677486419678, 3.807419776916504, 3.8051369190216064, 3.7719228267669678, 3.8082799911499023, 3.75046443939209, 3.77848744392395, 3.8021531105041504, 3.805401563644409, 3.8112668991088867, 3.8510677814483643, 3.8199124336242676, 3.860836982727051, 3.8523452281951904, 3.869671583175659, 3.935302495956421, 3.8702988624572754, 3.905686616897583, 3.908681869506836, 3.9043753147125244, 3.8737597465515137, 3.8310651779174805, 3.8444013595581055, 3.7708144187927246, 3.792804002761841, 3.799258232116699, 3.7919280529022217, 3.779675245285034, 3.6871578693389893, 3.777099847793579, 3.7952404022216797, 3.766601324081421, 3.798569440841675, 3.739168167114258, 3.729813814163208, 3.7123849391937256, 3.6966657638549805, 3.7402379512786865, 3.7620017528533936, 3.7749927043914795, 3.7753746509552, 3.766366958618164, 3.7997870445251465, 3.786419153213501, 3.784731149673462, 3.8013765811920166, 3.7948365211486816, 3.7892611026763916, 3.7876172065734863, 3.773629665374756, 3.8345694541931152, 3.7818305492401123, 3.7348439693450928, 3.7688705921173096, 3.7880008220672607, 3.749206781387329, 3.758754014968872, 3.7743701934814453, 3.7943363189697266, 3.8249361515045166, 3.855748176574707, 3.8868491649627686, 3.853559970855713, 3.8817572593688965, 3.8806188106536865, 3.8406810760498047],