{"loss": [6.839377403259277, 5.776646614074707, 5.263749599456787, 4.9626383781433105, 4.719575881958008, 4.554576396942139, 4.455471038818359, 4.410327434539795, 4.352170467376709, 4.270115375518799, 4.176270484924316, 4.063107490539551, 3.931783676147461, 3.7404091358184814, 3.59135103225708, 3.555384635925293, 3.53098201751709, 3.51045560836792, 3.504338264465332, 3.4887382984161377, 3.4858832359313965, 3.485180139541626, 3.491638422012329, 3.486236095428467, 3.4763405323028564, 3.4598731994628906, 3.45634126663208, 3.4482357501983643, 3.4320547580718994, 3.400397777557373, 3.330810546875, 3.3099451065063477, 3.3210549354553223, 3.326153039932251, 3.3390777111053467, 3.3436572551727295, 3.3539721965789795, 3.3611843585968018, 3.3713672161102295, 3.38289213180542, 3.3873119354248047, 3.383558511734009, 3.3711421489715576, 3.37347674369812, 3.3675730228424072, 3.3640315532684326, 3.300684928894043, 3.254272937774658, 3.2704572677612305, 3.286384344100952, 3.2940759658813477, 3.306178092956543, 3.3059496879577637, 3.318371534347534, 3.3369314670562744, 3.346709966659546, 3.354016065597534, 3.354346513748169, 3.3461482524871826, 3.3446414470672607, 3.344611644744873, 3.3392813205718994, 3.2954916954040527, 3.233609199523926, 3.2601068019866943, 3.258312940597534, 3.263803005218506, 3.283426523208618, 3.2855210304260254, 3.2960562705993652, 3.309863567352295, 3.323409080505371, 3.3376595973968506, 3.333688259124756, 3.3362269401550293, 3.331533193588257, 3.326012372970581, 3.3257408142089844, 3.299021005630493, 3.2327170372009277], "masked_accuracy": [0.10815508663654327, 0.1636023074388504, 0.19531035423278809, 0.21948452293872833, 0.24726364016532898, 0.26777878403663635, 0.27940914034843445, 0.28495147824287415, 0.292836993932724, 0.305800199508667, 0.3226211369037628, 0.34281519055366516, 0.36332958936691284, 0.3823206424713135, 0.39562323689460754, 0.40437328815460205, 0.4094027280807495, 0.4147704839706421, 0.41775140166282654, 0.42153051495552063, 0.4231250584125519, 0.42404502630233765, 0.4239853620529175, 0.42573997378349304, 0.4279727339744568, 0.4305590093135834, 0.43120473623275757, 0.43276557326316833, 0.4350028932094574, 0.43260735273361206, 0.4314025640487671, 0.43493425846099854, 0.43631869554519653, 0.437295526266098, 0.43755093216896057, 0.4390467405319214, 0.43896111845970154, 0.4387933015823364, 0.43859997391700745, 0.4382178485393524, 0.43821853399276733, 0.4393403232097626, 0.44130706787109375, 0.4415228068828583, 0.4426160454750061, 0.439872682094574, 0.4377492368221283, 0.4400712847709656, 0.4416874349117279, 0.4414083659648895, 0.4421283006668091, 0.44295671582221985, 0.44435951113700867, 0.4437904357910156, 0.4421662390232086, 0.44188275933265686, 0.441969633102417, 0.44266757369041443, 0.4438256025314331, 0.444793701171875, 0.44537094235420227, 0.4449898898601532, 0.441119909286499, 0.44193392992019653, 0.4417121708393097, 0.4433853328227997, 0.4456677734851837, 0.44538185000419617, 0.4459822475910187, 0.4460369050502777, 0.4455893337726593, 0.4440242350101471, 0.4434596300125122, 0.4448828101158142, 0.44465112686157227, 0.4465184509754181, 0.4475807547569275, 0.44776326417922974, 0.44277119636535645, 0.44221630692481995], "val_loss": [6.287050247192383, 5.547336578369141, 5.189492702484131, 4.815088272094727, 4.501378536224365, 4.397088527679443, 4.262351036071777, 4.218123912811279, 4.143089294433594, 4.010950088500977, 3.8322198390960693, 3.688781976699829, 3.5667877197265625, 3.5002105236053467, 3.52292537689209, 3.45207142829895, 3.428654432296753, 3.352053165435791, 3.3447372913360596, 3.2802939414978027, 3.2938153743743896, 3.2282562255859375, 3.207482099533081, 3.199514150619507, 3.182249069213867, 3.1810128688812256, 3.1689929962158203, 3.178765296936035, 3.1895415782928467, 3.2042322158813477, 3.2255074977874756, 3.167509078979492, 3.233337640762329, 3.1793854236602783, 3.170335054397583, 3.1351020336151123, 3.1239469051361084, 3.1280362606048584, 3.1138908863067627, 3.1051573753356934, 3.0911803245544434, 3.1052637100219727, 3.1121649742126465, 3.1595752239227295, 3.139030694961548, 3.1398367881774902, 3.155116081237793, 3.2346303462982178, 3.201706886291504, 3.23301362991333, 3.2177810668945312, 3.1772615909576416, 3.1627776622772217, 3.161332607269287, 3.1142711639404297, 3.107621431350708, 3.096494436264038, 3.1221978664398193, 3.1073806285858154, 3.083569049835205, 3.1212241649627686, 3.088998794555664, 3.1275229454040527, 3.1257662773132324, 3.1504416465759277, 3.158867597579956, 3.1358962059020996, 3.1109423637390137, 3.097771644592285, 3.1027021408081055, 3.0739376544952393, 3.1018178462982178, 3.0784757137298584, 3.068603277206421, 3.088024616241455, 3.0789413452148438, 3.091893196105957, 3.105855941772461, 3.08308482170105, 3.1033740043640137], "val_masked_accuracy": [0.13510875403881073, 0.17660945653915405, 0.20309516787528992, 0.23939849436283112, 0.27554333209991455, 0.2890605926513672, 0.304308146238327, 0.3089562654495239, 0.3210943937301636, 0.34469589591026306, 0.37113580107688904, 0.39923134446144104, 0.418928325176239, 0.429961621761322, 0.42802757024765015, 0.4347652494907379, 0.44071778655052185, 0.44748181104660034, 0.44944241642951965, 0.455038845539093, 0.45635050535202026, 0.4633542001247406, 0.46396592259407043, 0.4668419659137726, 0.4663959741592407, 0.46721622347831726, 0.47012385725975037, 0.4676356613636017, 0.46881306171417236, 0.4650973379611969, 0.4595934748649597, 0.46878308057785034, 0.4618583023548126, 0.4689153730869293, 0.4670940339565277, 0.4725410044193268, 0.473237007856369, 0.4737248122692108, 0.4762694239616394, 0.4762532114982605, 0.4785389304161072, 0.4748924970626831, 0.4783872961997986, 0.47118401527404785, 0.4717422127723694, 0.46905624866485596, 0.47183701395988464, 0.4617478549480438, 0.4660857915878296, 0.46692752838134766, 0.46761810779571533, 0.47126078605651855, 0.4716670513153076, 0.4715396463871002, 0.47643712162971497, 0.4775371253490448, 0.4780087172985077, 0.47570857405662537, 0.4752226769924164, 0.48153799772262573, 0.4724445044994354, 0.4788023829460144, 0.4708496332168579, 0.4714929461479187, 0.4701597988605499, 0.46566101908683777, 0.47259530425071716, 0.4751347601413727, 0.4779881238937378, 0.47564706206321716, 0.47728052735328674, 0.4759739935398102, 0.47909215092658997, 0.4802878201007843, 0.47731006145477295, 0.4809496998786926, 0.4798581004142761, 0.4763855040073395, 0.4793897271156311, 0.4760879874229431]}